"ID","TYPE","OCCURRED","PROCESSED","OFFSET","PUSH_ID","GROUP_ID","VARIANT_ID","PAYLOAD","TRIMMED"
"cfd0c900-d6a9-1cbe-814b-2b1bba1e4a77","PUSH_BODY","2016-06-08T15:34:26.113Z","2016-06-08T15:34:24.815Z","0","338f92c0-5c37-982c-3919-3eaad5f618ce","","","eyJkZXZpY2VfdHlwZXMiOiJhbGwiLCJhdWRpZW5jZSI6eyJ0YWciOiJzdXNwZW5kZXJzIn0sIm5vdGlmaWNhdGlvbiI6eyJhbGVydCI6InlvdSBwcm9iYWJseSBoYXZlbid0IGhlYXJkIG9mIHRoZW0gbWVzc2VuZ2VyIGJhZyBTY2hsaXR6IGJpY3ljbGUgcmlnaHRzIn19","false"
"a8cc01e0-ca0e-8789-c582-68375eeb3333","PUSH_BODY","2016-06-08T15:35:38.261Z","2016-06-08T15:35:35.140Z","0","5c33c923-e856-49d6-b928-99a85612870e","","","eyJkZXZpY2VfdHlwZXMiOiJhbmRyb2lkIiwiYXVkaWVuY2UiOnsiYW5kcm9pZF9jaGFubmVsIjoiZDZmMTZjMDctOGU1ZC03NjE4LTFiMDgtYzkxYTIzNGQzOTM0In0sIm5vdGlmaWNhdGlvbiI6eyJhbGVydCI6IndheWZhcmVycyBjaGFtYnJheSBtdXN0YWNoZSBzaGFiYnkgY2hpYyB1bWFtaSBjaGlhIGZvdXIgbG9rbyB3b2xmIiwiYW5kcm9pZCI6IndheWZhcmVycyBjaGFtYnJheSBtdXN0YWNoZSBzaGFiYnkgY2hpYyB1bWFtaSBjaGlhIGZvdXIgbG9rbyB3b2xmIn19","false"
"e7df5306-c321-7098-3e0b-539a881be937","PUSH_BODY","2016-06-08T15:35:50.268Z","2016-06-08T15:35:47.690Z","0","63b29678-bb79-d079-9493-ea09321697e9","","","eyJkZXZpY2VfdHlwZXMiOiJhbmRyb2lkIiwiYXVkaWVuY2UiOnsiYW5kcm9pZF9jaGFubmVsIjoiNWJmOGNiNWQtNzQwMi0yYTQyLTRjNzItOTA2MWJmOTkyNzI4In0sIm5vdGlmaWNhdGlvbiI6eyJhbGVydCI6ImxlZ2dpbmdzLiBGb3VyIGRvbGxhciB0b2FzdCBzbG93LWNhcmIgWE9YTywgcG9zdC1pcm9uaWMgc3VzdGFpbmFibGUiLCJhbmRyb2lkIjoiQW1lcmljYW4gQXBwYXJlbCBNYXJmYS4gUG91ci1vdmVyIHB1ZyBtdW1ibGVjb3JlIEVjaG8gUGFyaywga2VmZml5ZWgifX0=","false"
"0621c34d-765d-2517-5712-f59377cf75bf","PUSH_BODY","2016-06-08T15:36:08.613Z","2016-06-08T15:36:06.075Z","0","d8f06259-5b3e-b96e-7e19-fc48da531ff5","","","eyJkZXZpY2VfdHlwZXMiOiJhbWF6b24iLCJhdWRpZW5jZSI6ImFsbCIsIm5vdGlmaWNhdGlvbiI6eyJhbGVydCI6InlvdSBwcm9iYWJseSBoYXZlbid0IGhlYXJkIG9mIHRoZW0gbWVzc2VuZ2VyIGJhZyBTY2hsaXR6IGJpY3ljbGUgcmlnaHRzIiwiYW1hem9uIjoiQW1lcmljYW4gQXBwYXJlbCBNYXJmYS4gUG91ci1vdmVyIHB1ZyBtdW1ibGVjb3JlIEVjaG8gUGFyaywga2VmZml5ZWgifX0=","false"
"4ba55bdc-737d-5f94-711b-b4ea6fa96242","PUSH_BODY","2016-06-08T15:38:25.414Z","2016-06-08T15:38:25.200Z","0","67a2641b-04d5-42d4-3598-d22d0311d31a","","","eyJkZXZpY2VfdHlwZXMiOiJhbmRyb2lkIiwiYXVkaWVuY2UiOnsiYW5kcm9pZF9jaGFubmVsIjoiMTRlYmIxNDAtOTMyOS1kY2RmLWFkZDktMThiYzE5ZjMzYjMwIn0sIm5vdGlmaWNhdGlvbiI6eyJhbGVydCI6IkFtZXJpY2FuIEFwcGFyZWwgTWFyZmEuIFBvdXItb3ZlciBwdWcgbXVtYmxlY29yZSBFY2hvIFBhcmssIGtlZmZpeWVoIiwiYW5kcm9pZCI6IkFtZXJpY2FuIEFwcGFyZWwgTWFyZmEuIFBvdXItb3ZlciBwdWcgbXVtYmxlY29yZSBFY2hvIFBhcmssIGtlZmZpeWVoIn19","false"
"58e63f95-8db9-72d5-2987-2e342fde59e7","PUSH_BODY","2016-06-08T15:40:59.797Z","2016-06-08T15:41:01.948Z","0","d8fdcaed-86e5-88cc-b68d-cd7a50ab58a9","","","eyJkZXZpY2VfdHlwZXMiOiJpb3MiLCJhdWRpZW5jZSI6eyJ0YWciOiJzdXNwZW5kZXJzIn0sIm5vdGlmaWNhdGlvbiI6eyJhbGVydCI6ImhlaXJsb29tLiBCYW5rc3kgbmFyd2hhbCBhcnQgcGFydHksIHR3ZWUgZm9vZCB0cnVjayB2aXJhbCBsb2Nhdm9yZSIsImlvcyI6IndheWZhcmVycyBjaGFtYnJheSBtdXN0YWNoZSBzaGFiYnkgY2hpYyB1bWFtaSBjaGlhIGZvdXIgbG9rbyB3b2xmIn19","false"
"690c94b3-9f50-6915-8b4b-a24e60dbb79f","PUSH_BODY","2016-06-08T15:44:24.305Z","2016-06-08T15:44:24.400Z","0","9030f300-4ef5-0dde-fd5e-d88fb3e8d5ce","","","eyJkZXZpY2VfdHlwZXMiOiJhbGwiLCJhdWRpZW5jZSI6eyJpb3NfY2hhbm5lbCI6ImE2NzU2MGJjLTFmNTQtMzg0OC0yZmJlLTk0YTNjMWE5OTM3MyJ9LCJub3RpZmljYXRpb24iOnsiYWxlcnQiOiJBbWVyaWNhbiBBcHBhcmVsIE1hcmZhLiBQb3VyLW92ZXIgcHVnIG11bWJsZWNvcmUgRWNobyBQYXJrLCBrZWZmaXllaCJ9fQ==","false"
"45197cbb-d8ba-f802-a9b1-979b6a2dfee2","PUSH_BODY","2016-06-08T15:46:58.475Z","2016-06-08T15:46:58.469Z","0","08b883b0-66cc-d1a3-58b2-aba372e54709","","","eyJkZXZpY2VfdHlwZXMiOiJhbWF6b24iLCJhdWRpZW5jZSI6eyJ0YWciOiJib3dfdGllcyJ9LCJub3RpZmljYXRpb24iOnsiYWxlcnQiOiJoZWlybG9vbS4gQmFua3N5IG5hcndoYWwgYXJ0IHBhcnR5LCB0d2VlIGZvb2QgdHJ1Y2sgdmlyYWwgbG9jYXZvcmUiLCJhbWF6b24iOiJUaHVuZGVyY2F0cyBOZXV0cmEgbG9tbyBzZW1pb3RpY3Mga2VmZml5ZWggeXIsIGthbGUgY2hpcHMgc3R1bXB0b3duIn19","false"
"c2b6dee6-549b-9dd7-058d-28d17d356d0b","PUSH_BODY","2016-06-08T15:50:04.527Z","2016-06-08T15:50:04.287Z","0","0175af9d-2a50-b2ed-f3fd-034ec3c95817","","","eyJkZXZpY2VfdHlwZXMiOiJpb3MiLCJhdWRpZW5jZSI6ImFsbCIsIm5vdGlmaWNhdGlvbiI6eyJhbGVydCI6InBvbGFyb2lkIE5ldXRyYWwuIFZlZ2FuIGJhbmpvIFBCUiBWaWNlIFR1bWJsciBUaHVuZGVyY2F0cy4gOC1iaXQgbWlnYXMiLCJpb3MiOiJvcmdhbmljLCBiZXNwb2tlIGNyYXkgaXJvbnkgV2lsbGlhbXNidXJnIHBvbGFyb2lkIGtleXRhciBhY3R1YWxseSJ9fQ==","false"
"e2fae664-6fad-bdf7-de0d-99e09ff20261","PUSH_BODY","2016-06-08T15:51:34.732Z","2016-06-08T15:51:34.403Z","0","ef320c3a-48ef-157e-8a78-79f8af3aabba","","","eyJkZXZpY2VfdHlwZXMiOiJhbGwiLCJhdWRpZW5jZSI6eyJpb3NfY2hhbm5lbCI6ImMyNDk3OTgwLTdhZDUtZTdkZC05YmQxLTRmNjZkYTcyMTk3YiJ9LCJub3RpZmljYXRpb24iOnsiYWxlcnQiOiJ3YXlmYXJlcnMgY2hhbWJyYXkgbXVzdGFjaGUgc2hhYmJ5IGNoaWMgdW1hbWkgY2hpYSBmb3VyIGxva28gd29sZiJ9fQ==","false"
"a66108fe-9084-371d-db94-ee063b2ad2d2","PUSH_BODY","2016-06-08T15:51:41.137Z","2016-06-08T15:51:40.258Z","0","a4ebba6d-0078-ba78-d4d5-26f69f33edbe","","","eyJkZXZpY2VfdHlwZXMiOiJhbmRyb2lkIiwiYXVkaWVuY2UiOnsiYW5kcm9pZF9jaGFubmVsIjoiMmVjMjJmMzgtNzQ2OS0zYjg0LWNmZjAtNTAyNzc2NDM0NjM2In0sIm5vdGlmaWNhdGlvbiI6eyJhbGVydCI6InBvbGFyb2lkIE5ldXRyYWwuIFZlZ2FuIGJhbmpvIFBCUiBWaWNlIFR1bWJsciBUaHVuZGVyY2F0cy4gOC1iaXQgbWlnYXMiLCJhbmRyb2lkIjoicG9sYXJvaWQgTmV1dHJhbC4gVmVnYW4gYmFuam8gUEJSIFZpY2UgVHVtYmxyIFRodW5kZXJjYXRzLiA4LWJpdCBtaWdhcyJ9fQ==","false"
"e53d7171-b13c-8bdb-968d-895e480c9fd7","PUSH_BODY","2016-06-08T15:52:35.528Z","2016-06-08T15:52:33.129Z","0","ad20eaa9-d610-fb00-66d6-b88daaedb494","","","eyJkZXZpY2VfdHlwZXMiOiJpb3MiLCJhdWRpZW5jZSI6eyJpb3NfY2hhbm5lbCI6IjhhMmU1MjA4LTUwZjktMzY1OC01NDI5LTJjMmMxNmVhNTk3YSJ9LCJub3RpZmljYXRpb24iOnsiYWxlcnQiOiJBbWVyaWNhbiBBcHBhcmVsIE1hcmZhLiBQb3VyLW92ZXIgcHVnIG11bWJsZWNvcmUgRWNobyBQYXJrLCBrZWZmaXllaCIsImlvcyI6IndheWZhcmVycyBjaGFtYnJheSBtdXN0YWNoZSBzaGFiYnkgY2hpYyB1bWFtaSBjaGlhIGZvdXIgbG9rbyB3b2xmIn19","false"
"c19734dc-0d72-ea7b-6a8a-9acceb25c845","PUSH_BODY","2016-06-08T15:52:41.330Z","2016-06-08T15:52:38.819Z","0","05d46f38-2f95-7efa-6816-40388ae3a4f4","","","eyJkZXZpY2VfdHlwZXMiOiJhbGwiLCJhdWRpZW5jZSI6ImFsbCIsIm5vdGlmaWNhdGlvbiI6eyJhbGVydCI6IlRodW5kZXJjYXRzIE5ldXRyYSBsb21vIHNlbWlvdGljcyBrZWZmaXllaCB5ciwga2FsZSBjaGlwcyBzdHVtcHRvd24ifX0=","false"
"ad2661da-f2e6-80b5-7e3e-dd35f0ad4b4e","PUSH_BODY","2016-06-08T15:53:59.196Z","2016-06-08T15:53:57.352Z","0","b6dc94c8-f0e4-7778-600d-5cb11dce84fb","","","eyJkZXZpY2VfdHlwZXMiOiJhbmRyb2lkIiwiYXVkaWVuY2UiOnsiYW5kcm9pZF9jaGFubmVsIjoiYzI2OGMyYmYtYTQxYi1jMWI0LTYwODItZGU0NzczMzdhMTQ2In0sIm5vdGlmaWNhdGlvbiI6eyJhbGVydCI6ImxlZ2dpbmdzLiBGb3VyIGRvbGxhciB0b2FzdCBzbG93LWNhcmIgWE9YTywgcG9zdC1pcm9uaWMgc3VzdGFpbmFibGUiLCJhbmRyb2lkIjoieW91IHByb2JhYmx5IGhhdmVuJ3QgaGVhcmQgb2YgdGhlbSBtZXNzZW5nZXIgYmFnIFNjaGxpdHogYmljeWNsZSByaWdodHMifX0=","false"
"df2ecf04-8bd1-67f6-8716-8dbb0d0a1b6d","PUSH_BODY","2016-06-08T15:54:22.320Z","2016-06-08T15:54:20.808Z","0","392e606c-5ac9-69ec-ba3a-cb28c6348022","","","eyJkZXZpY2VfdHlwZXMiOiJhbmRyb2lkIiwiYXVkaWVuY2UiOnsidGFnIjoic3VzcGVuZGVycyJ9LCJub3RpZmljYXRpb24iOnsiYWxlcnQiOiJ3YXlmYXJlcnMgY2hhbWJyYXkgbXVzdGFjaGUgc2hhYmJ5IGNoaWMgdW1hbWkgY2hpYSBmb3VyIGxva28gd29sZiIsImFuZHJvaWQiOiJvcmdhbmljLCBiZXNwb2tlIGNyYXkgaXJvbnkgV2lsbGlhbXNidXJnIHBvbGFyb2lkIGtleXRhciBhY3R1YWxseSJ9fQ==","false"
"47ecd1d7-8c0c-2d3a-fe12-be898d21f528","PUSH_BODY","2016-06-08T15:57:09.676Z","2016-06-08T15:57:10.366Z","0","a6f6ada5-6771-209f-6267-039473d04d6a","","","eyJkZXZpY2VfdHlwZXMiOiJhbGwiLCJhdWRpZW5jZSI6ImFsbCIsIm5vdGlmaWNhdGlvbiI6eyJhbGVydCI6IndheWZhcmVycyBjaGFtYnJheSBtdXN0YWNoZSBzaGFiYnkgY2hpYyB1bWFtaSBjaGlhIGZvdXIgbG9rbyB3b2xmIn19","false"
